{"c2_a1_w0": [0.0, 0.0, 0.0, 0.0, 0.0, 0.0, -5.85, 0.0], "c2_a1_w1": [-39.392542381128436, -39.41861649541342, -44.55555306814765, -40.25362366706362, -41.25823383118679, -40.35669548749457, -46.94057584250842, -42.33566964216454]}