{"c2_a1_w0": [0.0, 0.0, 0.0, 0.0, 0.0, 0.0, -5.85, 0.0], "c2_a1_w1": [-34.21208626296171, -29.999113353749998, -34.263702275867054, -31.3024094818125, -31.093373351812502, -29.85356266275, -35.395933052831246, -29.856002950875]}