{"c2_a1_w0": [0.0, 0.0, 0.0, 0.0, 0.0, 0.0, -5.85, 0.0], "c2_a1_w1": [-39.392542381128436, -39.41861649541342, -38.36183567345304, -40.25362366706362, -41.25823383118679, -40.35669548749457, -38.723116065453844, -38.73892109127177]}