{"c2_a1_w0": [0.0, 0.0, 0.0, 0.0, 0.0, 0.0, -5.85, 0.0], "c2_a1_w1": [3.4404299999999997, 0.0, 0.0, 0.0, 0.0, 0.0, 0.0, -5.3999999999999995]}